{"cost_function_value": [8.435764674972625e-05, 6.321406373143827e-06, 3.757248246373929e-07, 6.492747314429502e-08, 2.550228199433253e-08, 1.0455135610017399e-08], "eps": [0.2714689844155212, 0.0912371967412972, 0.04209945367922195, 0.026323939574959723, 0.011912935969867524, 0.004292933154904755], "stepsize": [1.0, 1.0, 1.0, 1.0, 1.0, 1.0], "MeshQuality": [0.17887895509387242, 0.19629642136381886, 0.1984240655630123, 0.19657877779102317, 0.19516878283616101, 0.19353655438284278]}