{"cost_function_value": [0.01844722756895649, 0.002968742692101528, 1.4060614417551841e-05, 7.508004948171603e-08, 2.939311605759543e-10, 8.573691881428796e-12], "eps": [1.1799821804222301, 0.5402823717258709, 0.04137133221266651, 0.0025637945838986884, 0.00016746309482771991, 2.3810056096877835e-05], "stepsize": [1.0, 1.0, 1.0, 1.0, 1.0, 1.0], "MeshQuality": [0.25129996207978467, 0.2500981692571783, 0.24812548795371592, 0.2478984929434176, 0.24790551555607798, 0.24790529496732128]}